iteration,locational_cost,health_cost,mobility_cost,range_cost,proposed_cost,cumulative_distance
0,2801.7058363660535,1028.7529181830294,2801.7058363660535,2428.763553603745,1028.7529181830294,0.0
1,2796.4345957309233,1026.1172978654638,2796.4345957309233,2119.814186937492,1030.5506311987954,0.021572258876432514
2,2791.3558165342874,1023.5779082671431,2791.3558165342874,2116.1944022915254,1028.177908267143,0.04233961665412404
3,2786.4197965075327,1021.1098982537671,2786.4197965075327,2112.5728952157674,1025.9321204759894,0.06247595926326695
4,2781.527814277797,1018.6639071389002,2781.527814277797,2110.0806784565957,1023.5972404722338,0.08216582954612531
5,2776.7020500523895,1016.2510250261952,2776.7020500523895,2106.266119283571,1021.3510250261947,0.10158045687646351
6,2771.977478389208,1013.8887391946032,2771.977478389208,2100.1844762186392,1019.3776280834929,0.12063182605579537
7,2767.3426414613486,1011.5713207306746,2767.3426414613486,2097.4150333142443,1017.171320730675,0.13942373508212402
8,2762.7530257550834,1009.2765128775437,2762.7530257550834,2094.428513267884,1015.0431795442096,0.15810179967050822
9,2758.2154415746704,1007.0077207873351,2758.2154415746704,2090.4248906122766,1012.9410541206676,0.1768521714883579
10,2753.7357666293256,1004.767883314664,2753.7357666293256,2087.9389604969006,1010.8123277591073,0.19568558789741153
11,2749.2912018838274,1002.545600941915,2749.2912018838274,2082.881523996698,1008.9789342752485,0.21478673223004827
12,2744.8724270315934,1000.336213515799,2744.8724270315934,2079.308154016322,1006.9362135157983,0.2342538439680599
13,2740.4692008191155,998.1346004095581,2740.4692008191155,2076.8257206015855,1004.8457115206704,0.2541494977930689
14,2736.050734285946,995.9253671429726,2736.050734285946,2073.2251554955114,1002.8031449207508,0.27440024092154636
15,2731.6442118248096,993.7221059124065,2731.6442118248096,2070.336823282244,1000.7109948012943,0.2949037989284299
16,2727.2581116609954,991.5290558304973,2727.2581116609954,2067.683324291342,998.6846113860533,0.3157939119686216
17,2722.8655167583865,989.3327583791936,2722.8655167583865,2062.8659766110436,996.7105361569706,0.3370824023484315
18,2718.4815106887727,987.1407553443887,2718.4815106887727,2059.4259590874995,994.7963108999425,0.3588321173872205
19,2714.079958051332,984.9399790256653,2714.079958051332,2056.8957683955928,992.7622012478873,0.3809468096681913
20,2709.6703497342014,982.7351748671005,2709.6703497342014,2052.686560017396,990.8351748671004,0.40336654531906596
21,2705.2363810318375,980.5181905159183,2705.2363810318375,2050.1839870279773,988.6737460714737,0.4261273693023551
22,2700.7703682628053,978.2851841314013,2700.7703682628053,2046.4794266775252,986.6074063536237,0.44920787227655323
23,2696.3107886767734,976.0553943383877,2696.3107886767734,2043.718640858919,984.48872767172,0.47241107567814117
24,2691.9136435548444,973.8568217774236,2691.9136435548444,2040.4781778652605,982.4568217774231,0.4955978564379818
25,2687.562324186999,971.6811620935009,2687.562324186999,2037.1846406325153,980.4478287601676,0.518825492831237
26,2683.246744054438,969.5233720272192,2683.246744054438,2034.0770562892208,978.4567053605522,0.5420487377790275
27,2678.9636425640697,967.3818212820352,2678.9636425640697,2030.7535854026823,976.4818212820355,0.5653035234841599
28,2674.708668533119,965.2543342665597,2674.708668533119,2028.628199892959,974.4098898221156,0.5885543317703641
29,2670.579940301317,963.1899701506584,2670.579940301317,2025.3970539273728,972.5121923728807,0.6115233797505133
30,2666.595565484392,961.197782742198,2666.595565484392,2022.4172983616495,970.5755605199749,0.6339896399552709
31,2662.7341233540346,959.2670616770163,2662.7341233540346,2019.5680817105917,968.8670616770155,0.6561801871019466
32,2658.9901015987193,957.3950507993596,2658.9901015987193,2017.7570820589397,966.9950507993585,0.6778926068333968
33,2655.344354786736,955.5721773933681,2655.344354786736,2014.7632753083574,965.3388440600341,0.6992493349364526
34,2651.7765579677002,953.7882789838502,2651.7765579677002,2013.0310956978497,963.6105012060721,0.7202166209900589
35,2648.273747961568,952.0368739807824,2648.273747961568,2011.4956885492581,961.8590962030042,0.7408009225666712
36,2644.830601580839,950.3153007904202,2644.830601580839,2009.6876799766278,960.193078568198,0.7611061210659997
37,2641.4200635416037,948.6100317708012,2641.4200635416037,2008.4821827895935,958.4878095485794,0.7813115192342062
38,2638.044134165404,946.9220670827024,2638.044134165404,2008.4188277550907,956.6887337493681,0.8014137047382319
39,2634.703003849813,945.2515019249059,2634.703003849813,2009.029955628009,954.851501924906,0.8215863445869194
40,2631.3523233427845,943.5761616713924,2631.3523233427845,2006.190185778028,953.3428283380593,0.8419563760352962
41,2628.0066958920074,941.9033479460032,2628.0066958920074,2005.3974684748991,951.6700146126698,0.8624554691289088
42,2624.6544712135983,940.2272356067995,2624.6544712135983,2003.6223443055783,949.9939022734654,0.8831522446376623
43,2621.2845918255034,938.5422959127511,2621.2845918255034,2003.2048681579813,948.1978514683061,0.9039824962911756
44,2617.8775049245796,936.8387524622894,2617.8775049245796,2002.005949589288,946.4943080178451,0.9250511435327649
45,2614.4314672844152,935.1157336422089,2614.4314672844152,2001.2432828943251,944.7157336422081,0.9462693289142223
46,2610.9369043640786,933.36845218204,2610.9369043640786,2000.5992783650902,942.8573410709291,0.9677027298015615
47,2607.3998440936743,931.5999220468373,2607.3998440936743,2000.8897204409293,940.9776998246144,0.9893583590215509
48,2603.79738347374,929.7986917368696,2603.79738347374,2000.3658935648605,939.1764695146485,1.011071428605182
49,2600.1471585710638,927.9735792855331,2600.1471585710638,1999.9712904678295,937.1846903966434,1.0328498552339425
50,2596.4162011082944,926.108100554147,2596.4162011082944,1998.910299560976,935.3192116652579,1.054776157498716
51,2592.62077620117,924.2103881005844,2592.62077620117,1999.5659978705035,933.2548325450298,1.0767993171380827
52,2588.824278709061,922.3121393545317,2588.824278709061,1999.4699759399407,931.3010282434202,1.0987074212458472
53,2585.0053904986116,920.4026952493057,2585.0053904986116,1998.9318814406192,929.2804730270846,1.1205141268099104
54,2581.189628340289,918.4948141701436,2581.189628340289,1999.3249152175727,927.2059252812544,1.142011947737241
55,2577.482554988576,916.6412774942892,2577.482554988576,1997.9158229594068,925.296833049845,1.1629213704639982
56,2573.8545841247133,914.8272920623567,2573.8545841247133,1998.2684709614487,923.3161809512462,1.1832232604070734
57,2570.2825164174938,913.0412582087455,2570.2825164174938,1998.570338270255,921.3079248754132,1.203091071025903
58,2566.7428545134217,911.2714272567102,2566.7428545134217,1997.0621221712167,919.4825383678221,1.222511913367331
59,2563.2307989957058,909.5153994978523,2563.2307989957058,1995.753223108119,917.6153994978522,1.2414085353598767
60,2559.724734426966,907.7623672134832,2559.724734426966,1996.4064524696646,915.6957005468171,1.2598947100313374
61,2556.215203588201,906.0076017941004,2556.215203588201,1995.9523740165384,913.8853795718768,1.2781688680804912
62,2552.697447706216,904.2487238531079,2552.697447706216,1995.034020233375,912.0709460753308,1.296305866389829
63,2549.1577037285497,902.4788518642742,2549.1577037285497,1995.9368446522317,910.0788518642752,1.3144671179663447
64,2545.5427894959444,900.6713947479718,2545.5427894959444,1995.7078719705669,907.8825058590846,1.3328867484856284
65,2541.8552375883946,898.827618794197,2541.8552375883946,1996.0446035151622,905.8720632386411,1.3517994707019552
66,2538.110683504813,896.9553417524077,2538.110683504813,1995.660644096497,903.8886750857425,1.3710241175365947
67,2534.3019293387138,895.0509646693572,2534.3019293387138,1996.2793371847135,901.6509646693573,1.3905991073945392
68,2530.3960012773264,893.098000638663,2530.3960012773264,1995.7687302784962,899.4757784164409,1.4106979154104378
69,2526.4063121464933,891.1031560732465,2526.4063121464933,1995.7218288066774,897.3698227399127,1.4312054502024487
70,2522.326040512752,889.0630202563765,2522.326040512752,1995.2696460570594,895.1630202563765,1.4521501212383858
71,2518.1203693538428,886.9601846769215,2518.1203693538428,1997.0590043119564,892.7268513435879,1.4735239700926255
72,2513.8504936834415,884.8252468417215,2513.8504936834415,1997.1937205736072,890.314135730609,1.4951910013365075
73,2509.5850674907256,882.6925337453616,2509.5850674907256,1997.1447422975205,888.0147559675838,1.516955259472358
74,2505.3264359956406,880.5632179978195,2505.3264359956406,1996.9538297952126,885.6632179978202,1.5387699816484641
75,2501.078772804897,878.4393864024473,2501.078772804897,1996.9342309697595,883.2616086246701,1.5606252378760084
76,2496.824891159065,876.3124455795339,2496.824891159065,1996.8857058369372,880.9124455795335,1.5826040421326564
77,2492.593659013205,874.1968295066026,2492.593659013205,1997.9935168098054,878.4634961732687,1.604564999657398
78,2488.3586688930313,872.0793344465155,2488.3586688930313,1998.8927532447801,876.1793344465152,1.6266060099491015
79,2484.1351720366556,869.967586018329,2484.1351720366556,2000.0465350300988,873.7342526849951,1.6486284003214104
80,2479.933012205299,867.8665061026495,2479.933012205299,1998.7151143410151,871.5220616582046,1.6706507714296612
81,2475.7565682161035,865.7782841080518,2475.7565682161035,1999.9330539567252,869.1560618858289,1.692587328134975
82,2471.5856234177313,863.6928117088662,2471.5856234177313,2000.140085369249,866.8483672644229,1.7145135675977108
83,2467.4434240924593,861.6217120462309,2467.4434240924593,1999.3600197182936,864.666156490674,1.7364274183302624
84,2463.3306111646957,859.5653055823492,2463.3306111646957,1999.4321669441251,862.1653055823501,1.7582157858230032
85,2459.212369455767,857.5061847278834,2459.212369455767,2000.057877322246,859.9395180612162,1.7801420845559928
86,2455.119367184879,855.4596835924394,2455.119367184879,2000.979108536894,857.7263502591061,1.8020484389442943
87,2451.060951107396,853.4304755536973,2451.060951107396,2000.2086557526868,855.5860311092538,1.8239984441554973
88,2447.0179720070155,851.4089860035078,2447.0179720070155,2002.0813131425546,853.2312082257301,1.8459252073883121
89,2443.010947318439,849.405473659219,2443.010947318439,2001.7977008783646,851.0610292147741,1.8677615136735795
90,2439.0182146720967,847.4091073360478,2439.0182146720967,2001.7649702496874,848.8424406693814,1.8897171685477605
91,2435.0512985283035,845.4256492641512,2435.0512985283035,2001.5485019934795,846.6367603752643,1.9114912479025836
92,2431.11336255401,843.4566812770056,2431.11336255401,2001.2655428050575,844.5566812770055,1.9332356011518244
93,2427.2257065466792,841.5128532733395,2427.2257065466792,2001.296571376488,842.3350754955617,1.9548838617247395
94,2423.385079870224,839.5925399351131,2423.385079870224,2002.4583176766337,840.1925399351129,1.9764065663331156
95,2419.5637009388147,837.6818504694074,2419.5637009388147,2002.7076769184685,838.1707393582968,1.9979365002060967
96,2415.7747628184693,835.7873814092359,2415.7747628184693,2003.6749813057604,836.0540480759023,2.0193372733982686
97,2412.027825821824,833.9139129109124,2412.027825821824,2003.1009014373521,834.013912910911,2.040693012201127
98,2408.2998986958064,832.049949347904,2408.2998986958064,2003.7521303454475,831.8166160145702,2.0619207331593166
99,2404.6066172218593,830.2033086109295,2404.6066172218593,2005.0043054746106,829.8033086109302,2.0831174191418094
100,2400.9450643927585,828.3725321963775,2400.9450643927585,2003.9241405484058,827.8614210852668,2.104276478830526
101,2397.3210784242506,826.5605392121249,2397.3210784242506,2004.2613179507598,825.882761434347,2.125282813377643
102,2393.7415930772604,824.7707965386304,2393.7415930772604,2003.5940045678526,823.9819076497428,2.146253898679855
103,2390.2057571063497,823.0028785531734,2390.2057571063497,2003.6421821403255,821.9917674420631,2.1670752660183594
104,2386.6770816980484,821.238540849025,2386.6770816980484,2005.397032333548,819.9496519601346,2.1877574109643407
105,2383.1913989386667,819.4956994693341,2383.1913989386667,2004.716910259347,818.0956994693329,2.2084782239241196
106,2379.7484934413233,817.7742467206617,2379.7484934413233,2004.9183840821042,816.3186911651064,2.2290379083577534
107,2376.347825616836,816.0739128084174,2376.347825616836,2004.9317004597876,814.2850239195284,2.2494971355631144
108,2372.9590237640177,814.3795118820095,2372.9590237640177,2005.7424212694368,812.4239563264538,2.26998725339116
109,2369.6224919735805,812.7112459867899,2369.6224919735805,2004.5204148769758,810.7556904312344,2.290376198133442
110,2366.3297857932475,811.0648928966239,2366.3297857932475,2003.818128506745,808.9982262299571,2.3105689205487585
111,2363.064387170612,809.4321935853056,2363.064387170612,2004.3843368907892,807.0321935853051,2.330730187812179
112,2359.827218399846,807.8136091999208,2359.827218399846,2003.8922155106018,805.3024980888097,2.3508950433515245
113,2356.648317693498,806.2241588467484,2356.648317693498,2004.6147696947473,803.6019366245248,2.370941711444961
114,2353.520290565124,804.6601452825627,2353.520290565124,2003.4427468133708,801.9823675047852,2.390864197087936
115,2350.4349103692775,803.117455184639,2350.4349103692775,2004.5206347606804,800.1618996290825,2.410670142145083
116,2347.370129932735,801.5850649663676,2347.370129932735,2004.3367335069497,798.5739538552567,2.430454708827346
117,2344.3436189726535,800.0718094863266,2344.3436189726535,2003.468544448949,797.0606983752151,2.450064495778422
118,2341.3549593178905,798.5774796589448,2341.3549593178905,2002.7757207599866,795.4552574367225,2.4696605998031123
119,2338.413171435862,797.1065857179308,2338.413171435862,2003.6626684543362,793.7621412734861,2.4891044178841693
120,2335.5079754039166,795.6539877019577,2335.5079754039166,2003.097778854588,792.1428765908475,2.5084542164288646
121,2332.6437295241503,794.2218647620755,2332.6437295241503,2002.54831786133,790.7107536509664,2.527843992968268
122,2329.8092163733513,792.8046081866771,2329.8092163733513,2003.0544969016512,789.1268304088985,2.547092926412878
123,2327.02678281931,791.4133914096558,2327.02678281931,2002.2128732966153,787.6245025207663,2.566034812859672
124,2324.2942615994643,790.0471307997329,2324.2942615994643,2002.074587289982,786.0915752441763,2.584859331750557
125,2321.6126194745893,788.7063097372956,2321.6126194745893,2002.2398134786145,784.639643070629,2.603488133997263
126,2318.9694161787606,787.3847080893802,2318.9694161787606,2002.0350054717733,783.151374756046,2.621903024747535
127,2316.3826705282836,786.0913352641414,2316.3826705282836,2002.8322483962165,781.7468908196972,2.6400868734238516
128,2313.833804600324,784.8169023001622,2313.833804600324,2001.668314664803,780.4169023001612,2.658156285970722
129,2311.323130690407,783.5615653452039,2311.323130690407,2002.6194919725108,778.9948986785371,2.676068476422676
130,2308.8548836208747,782.3274418104384,2308.8548836208747,2003.2026098022866,777.7052195882166,2.693875035236137
131,2306.4261081772856,781.1130540886447,2306.4261081772856,2003.4217123184862,776.2686096442002,2.711395639797409
132,2304.032784427391,779.9163922136968,2304.032784427391,2003.4051756411736,775.0163922136967,2.728749866568849
133,2301.6844785698486,778.7422392849245,2301.6844785698486,2002.183835959908,773.7311281738137,2.7458587198799096
134,2299.354150472329,777.5770752361633,2299.354150472329,2002.953803540318,772.3992974583844,2.762817754404089
135,2297.0502431762093,776.4251215881056,2297.0502431762093,2002.3651968297886,771.1917882547722,2.779618778437143
136,2294.7814852056285,775.2907426028144,2294.7814852056285,2002.340427607363,769.890742602814,2.796396469388019
137,2292.5533322947686,774.1766661473848,2292.5533322947686,2005.0394352375156,768.4988883696069,2.8129809248368596
138,2290.3608272913298,773.0804136456636,2290.3608272913298,2005.0655089129848,767.2915247567756,2.8292803111826594
139,2288.1987162532732,771.9993581266365,2288.1987162532732,2005.8352194166023,766.043802571081,2.845237020889321
140,2286.0666600011764,770.9333300005885,2286.0666600011764,2007.0121146636952,764.7555522228116,2.861021247829776
141,2283.96947543388,769.8847377169419,2283.96947543388,2006.3553600527493,763.6514043836081,2.8766547182306277
142,2281.8954966348365,768.8477483174177,2281.8954966348365,2006.3981761699465,762.503303872973,2.892077539303264
143,2279.858477204793,767.8292386023966,2279.858477204793,2006.0857334765908,761.4292386023967,2.9074597051862345
144,2277.856933415076,766.828466707538,2277.856933415076,2006.8128725210913,760.2062444853162,2.9225105790767394
145,2275.882879174032,765.8414395870163,2275.882879174032,2006.424303044454,759.1636618092384,2.9374332703232606
146,2273.9549321076156,764.8774660538094,2273.9549321076156,2008.0521767657046,758.0330216093641,2.9520381682753993
147,2272.058413813556,763.9292069067785,2272.058413813556,2008.4313747026335,756.9736513512229,2.966262384888014
148,2270.1880668883846,762.9940334441922,2270.1880668883846,2009.9958629159737,755.7607001108586,2.980296754854239
149,2268.337038346483,762.068519173242,2268.337038346483,2010.6146117932017,754.6685191732417,2.9942155545384046
150,2266.4709936175523,761.1354968087747,2266.4709936175523,2011.5535095837304,753.568830142108,3.0079818110715015
151,2264.6130511000056,760.2065255500031,2264.6130511000056,2011.7769184626336,752.5287477722267,3.0217327758782417
152,2262.7890518848653,759.2945259424314,2262.7890518848653,2011.406381685691,751.561192609099,3.0352936972510074
153,2260.9947043491206,758.39735217456,2260.9947043491206,2012.7552896182997,750.4417966190048,3.048655856831652
154,2259.2126514815113,757.5063257407559,2259.2126514815113,2014.9824326748742,749.272992407422,3.0617930096484036
155,2257.453119420094,756.6265597100465,2257.453119420094,2015.6036150042319,748.226559710047,3.0749791067967767
156,2255.7026705900116,755.7513352950057,2255.7026705900116,2015.5326811315263,747.2957797394502,3.0879610776555078
157,2253.959222308204,754.8796111541014,2253.959222308204,2017.0721653984021,746.2573889318796,3.1008062008393344
158,2252.2278548985264,754.0139274492628,2252.2278548985264,2018.452505514544,745.2250385603736,3.1135178120125464
159,2250.514681616767,753.157340808384,2250.514681616767,2018.9250520060862,744.2573408083842,3.1261805438269805
160,2248.8063269407016,752.303163470351,2248.8063269407016,2019.6191537964705,743.2364968036848,3.1386398160176823
161,2247.1119849579954,751.455992478997,2247.1119849579954,2020.6891657774845,742.2226591456639,3.1510633130135406
162,2245.422141214557,750.6110706072793,2245.422141214557,2021.335301394447,741.2666261628342,3.1634067321650208
163,2243.7446349636803,749.7723174818389,2243.7446349636803,2021.6260792037028,740.3167619262839,3.175640707982763
164,2242.0613528508557,748.9306764254288,2242.0613528508557,2022.339270323826,739.3084542032068,3.1878890836853793
165,2240.3802554173108,748.0901277086548,2240.3802554173108,2022.8978028794738,738.3567943753221,3.200037532400778
166,2238.70550698948,747.2527534947405,2238.70550698948,2024.531109478585,737.2971979391857,3.2121283610565783
167,2237.041043333159,746.4205216665788,2237.041043333159,2025.8027312268782,736.2982994443571,3.224298514860433
168,2235.3846239172667,745.5923119586345,2235.3846239172667,2026.0492091900614,735.3589786253006,3.2363328345530427
169,2233.7370817806623,744.7685408903311,2233.7370817806623,2026.6286624167628,734.4240964458868,3.2483407986858297
170,2232.095251351535,743.9476256757678,2232.095251351535,2027.9877216530601,733.4920701202127,3.2602174475241883
171,2230.445090913025,743.1225454565126,2230.445090913025,2028.0170716130792,732.5558787898455,3.2722016705573247
172,2228.7971228971946,742.2985614485976,2228.7971228971946,2028.3863919160149,731.6207836708206,3.2842025823930374
173,2227.148892033575,741.4744460167869,2227.148892033575,2029.4132391949936,730.6300015723431,3.2960953277987204
174,2225.5009297156107,740.6504648578052,2225.5009297156107,2029.593592741429,729.6949093022497,3.308001127692749
175,2223.847326048816,739.823663024407,2223.847326048816,2031.4051254200272,728.6458852466284,3.3198766658921293
176,2222.17779756662,738.9888987833094,2222.17779756662,2030.6516790404826,727.811121005531,3.3318990984380763
177,2220.5318728445372,738.1659364222671,2220.5318728445372,2031.8310243289816,726.8214919778231,3.3437834755838494
178,2218.893713150069,737.3468565750345,2218.893713150069,2032.5416290544495,725.8913010194785,3.3556142359382317
179,2217.265279942571,736.5326399712859,2217.265279942571,2032.554546473227,724.9659733046191,3.3673892372192618
180,2215.6218505108945,735.7109252554473,2215.6218505108945,2033.0040787528599,724.0331474776701,3.3791296055088114
181,2213.9560054506305,734.8780027253142,2213.9560054506305,2033.6570635311605,723.0891138364261,3.3912403215841587
182,2212.3020424521214,734.0510212260608,2212.3020424521214,2034.421794820697,722.0954656705061,3.403284713099579
183,2210.6592087148856,733.2296043574431,2210.6592087148856,2034.4414137963122,721.1073821352198,3.415203550968916
184,2209.0136458530533,732.4068229265278,2209.0136458530533,2035.3394774516014,720.1734895931945,3.427062587812568
185,2207.3798703330335,731.5899351665166,2207.3798703330335,2034.8266872937318,719.3566018331833,3.438792685384775
186,2205.739531221863,730.7697656109322,2205.739531221863,2035.9361379550132,718.3697656109321,3.4505734068217655
187,2204.0913655001477,729.9456827500724,2204.0913655001477,2035.4042789333803,717.4901271945175,3.462384021887589
188,2202.447412628383,729.1237063141914,2202.447412628383,2036.0641284824935,716.5014840919689,3.4742323821909844
189,2200.8060030165357,728.3030015082679,2200.8060030165357,2035.9214448953967,715.6252237304893,3.485938702660194
190,2199.1560953031913,727.4780476515971,2199.1560953031913,2036.2786699690332,714.6891587627089,3.4976337617136655
191,2197.5007919576988,726.6503959788497,2197.5007919576988,2036.1826378431888,713.8059515344054,3.509402756644092
192,2195.8511294923246,725.8255647461615,2195.8511294923246,2037.1065106182728,712.870009190606,3.521156867931971
193,2194.195537006676,724.9977685033372,2194.195537006676,2037.4276699290767,711.875546281115,3.5328934735746804
194,2192.5469222525903,724.1734611262957,2192.5469222525903,2037.5387559461988,710.9956833485172,3.544732040345864
195,2190.9001400806765,723.3500700403386,2190.9001400806765,2036.465834059065,710.1722922625613,3.5565025694276193
196,2189.2458294657854,722.5229147328926,2189.2458294657854,2036.8689042752576,709.2895813995593,3.5683250629903163
197,2187.590899163686,721.6954495818449,2187.590899163686,2037.5788947202136,708.2954495818437,3.5801461623839406
198,2185.930631838121,720.8653159190604,2185.930631838121,2037.3443872361158,707.4097603635053,3.591955703942308
199,2184.2732439505694,720.0366219752839,2184.2732439505694,2037.8025703914832,706.4699553086177,3.6038268992586824
200,2182.6127473839397,719.2063736919704,2182.6127473839397,2038.319457070976,705.5285959141933,3.6156278574590055
201,2180.9679644723974,718.3839822361986,2180.9679644723974,2037.7163317356758,704.7062044584209,3.627520995262737
202,2179.3313845146795,717.5656922573394,2179.3313845146795,2036.8436834127824,703.887914479561,3.6392192223984194
203,2177.6927285722168,716.746364286109,2177.6927285722168,2037.07791526783,702.8463642861094,3.650988749557323
204,2176.016680088116,715.9083400440581,2176.016680088116,2038.3577904048439,701.8416733773911,3.662857557599495
205,2174.347507261285,715.0737536306423,2174.347507261285,2037.2882337071364,701.1181980750862,3.6748084590630143
206,2172.683634699552,714.2418173497763,2172.683634699552,2036.33412742676,700.341817349776,3.6866601348731254
207,2171.029035323112,713.4145176615565,2171.029035323112,2036.2759380862094,699.4589621060006,3.698463063255501
208,2169.3707238381317,712.585361919065,2169.3707238381317,2036.2819491402488,698.5186952523993,3.7101594975484846
209,2167.7188884627303,711.7594442313655,2167.7188884627303,2035.7362269039875,697.6372220091439,3.7219003677748606
210,2166.077070866863,710.9385354334314,2166.077070866863,2035.7164783670712,696.7607576556533,3.7335300786820755
211,2164.4330005881056,710.1165002940531,2164.4330005881056,2036.0454456065895,695.7720558496085,3.74513723416511
212,2162.7735085442728,709.2867542721374,2162.7735085442728,2034.9962360075087,694.9978653832493,3.757000094840272
213,2161.129409703516,708.464704851758,2161.129409703516,2034.7850011065702,694.1202604073131,3.768713468296657
214,2159.4980739114053,707.649036955703,2159.4980739114053,2034.1484779088837,693.3045925112585,3.780373430569527
215,2157.8638346820617,706.8319173410307,2157.8638346820617,2035.167927045216,692.3208062299204,3.7919036059668088
216,2156.2280903989417,706.0140451994722,2156.2280903989417,2033.852784936851,691.5584896439168,3.8034649666447877
217,2154.6091490302533,705.2045745151256,2154.6091490302533,2032.9724751852236,690.8045745151262,3.8148975308050925
218,2152.9895349469048,704.3947674734522,2152.9895349469048,2032.9053977062672,689.9392119178972,3.8263203090507463
219,2151.3770125262095,703.5885062631049,2151.3770125262095,2032.8115214882282,689.0773951519939,3.837721137648986
220,2149.7657484569536,702.7828742284771,2149.7657484569536,2032.9707963139354,688.1606520062553,3.8491694573911364
221,2148.1556859961574,701.9778429980802,2148.1556859961574,2032.1921898592982,687.355620775857,3.8606193040439796
222,2146.551687065956,701.1758435329778,2146.551687065956,2031.0914436315093,686.6091768663111,3.8720049300166504
223,2144.9499240674636,700.3749620337319,2144.9499240674636,2030.438393883224,685.8082953670649,3.883415997864131
224,2143.3645624618707,699.5822812309357,2143.3645624618707,2029.2283557413425,685.0711701198246,3.8946568550217946
225,2141.777009041011,698.7885045205053,2141.777009041011,2029.0164936439219,684.2218378538394,3.905762395286854
226,2140.18264695493,697.9913234774649,2140.18264695493,2028.921841453042,683.3691012552431,3.917006907582355
227,2138.604458941798,697.2022294708979,2138.604458941798,2028.5150478421056,682.5800072486761,3.9282364037869364
228,2137.031979600651,696.4159898003254,2137.031979600651,2027.2327618219397,681.849323133659,3.9392829281364334
229,2135.455988126464,695.6279940632317,2135.455988126464,2026.5749985579446,681.0613273965657,3.9504612221518705
230,2133.896885275032,694.8484426375157,2133.896885275032,2026.8129486492176,680.2262204152938,3.9614798776206968
231,2132.320027855979,694.0600139279898,2132.320027855979,2025.8386663549286,679.4933472613235,3.9724121242435237
232,2130.7540738715616,693.2770369357809,2130.7540738715616,2024.9173511927643,678.7103702691147,3.9834612858602845
233,2129.2035616331677,692.5017808165838,2129.2035616331677,2024.5064726569594,677.9351141499176,3.9943537031138066
234,2127.657447180236,691.7287235901194,2127.657447180236,2023.8937610013327,677.1620569234519,4.005238650936205
235,2126.114964672136,690.9574823360676,2126.114964672136,2023.4678863818413,676.3352601138463,4.0160447746398225
236,2124.573147675405,690.186573837703,2124.573147675405,2022.4427181070437,675.6199071710364,4.026866811807531
237,2123.0372342274345,689.4186171137169,2123.0372342274345,2021.244138031544,674.9075060026056,4.03758378402128
238,2121.517419818423,688.6587099092106,2121.517419818423,2020.846333814336,674.1475987981005,4.048244796234484
239,2120.0065024075657,687.903251203783,2120.0065024075657,2020.952420442106,673.3365845371161,4.058793951687752
240,2118.502567471897,687.1512837359488,2118.502567471897,2019.5711530841272,672.695728180393,4.06932447509184
241,2117.01146619395,686.4057330969754,2117.01146619395,2018.672222493127,671.9501775414201,4.079752353696656
242,2115.529696989346,685.6648484946741,2115.529696989346,2017.7344300639784,671.264848494674,4.090098006628468
243,2114.0530919420303,684.9265459710148,2114.0530919420303,2016.306542260012,670.6376570821255,4.10033274899228
244,2112.5656913913426,684.182845695672,2112.5656913913426,2015.8457193633508,669.8939568067821,4.110525699209672
245,2111.08005983486,683.4400299174298,2111.08005983486,2015.8065611155107,669.0955854729863,4.120850270905701
246,2109.5952539988057,682.6976269994029,2109.5952539988057,2014.8925561775868,668.3531825549585,4.131191751093704
247,2108.1236637397724,681.9618318698865,2108.1236637397724,2013.2849694512952,667.7284985365534,4.141338844147653
248,2106.6617741845084,681.2308870922543,2106.6617741845084,2012.6267196909866,666.9975537589221,4.151441333785959
249,2105.216156485993,680.508078242997,2105.216156485993,2011.7313285347466,666.2747449096644,4.161390670641664
250,2103.7847846021364,679.7923923010678,2103.7847846021364,2010.5927822295837,665.6701700788462,4.171277700212006
251,2102.3551061457024,679.0775530728507,2102.3551061457024,2009.4942995668848,665.0664419617397,4.1810651240448005
252,2100.929701313363,678.3648506566815,2100.929701313363,2008.5858001830172,664.3537395455705,4.190918561987728
253,2099.5029515187193,677.6514757593591,2099.5029515187193,2007.082591437679,663.7514757593593,4.2007476249270335
254,2098.074141603791,676.9370708018961,2098.074141603791,2006.2181531348524,663.0926263574513,4.210666207908184
255,2096.652772357599,676.2263861787986,2096.652772357599,2004.5486813736438,662.5486084010214,4.22048689952815
256,2095.2294693398057,675.5147346699032,2095.2294693398057,2002.8079343810564,661.9480680032368,4.230357265732949
257,2093.809270167784,674.8046350838908,2093.809270167784,2001.2458249563128,661.3490795283363,4.240230436347814
258,2092.3970951555493,674.0985475777744,2092.3970951555493,2000.4864623902304,660.6985475777744,4.250029516024345
259,2090.994414221749,673.397207110875,2090.994414221749,2000.0640219098716,659.9972071108746,4.259735800186964
260,2089.5983344840856,672.6991672420431,2089.5983344840856,1999.3964656188393,659.2991672420435,4.269350417772628
261,2088.20699010343,672.003495051715,2088.20699010343,1998.3781860085548,658.6590506072708,4.2789437445089735
262,2086.8374246255094,671.3187123127545,2086.8374246255094,1997.966733175004,657.9742678683101,4.288425824418251
263,2085.467690972709,670.633845486355,2085.467690972709,1996.5341530609585,657.4005121530208,4.297881975585553
264,2084.1072177495334,669.9536088747666,2084.1072177495334,1995.4515541647427,656.7758310969889,4.307276894384354
265,2082.7503477492373,669.2751738746186,2082.7503477492373,1994.766254789301,656.0973960968407,4.316616665938773
266,2081.3955262614504,668.5977631307255,2081.3955262614504,1993.65602643881,655.4755409085034,4.325965126477984
267,2080.046697230012,667.9233486150064,2080.046697230012,1991.8867054685238,654.9122375038945,4.335221708545524
268,2078.705914441939,667.2529572209693,2078.705914441939,1991.4520856892395,654.2418461098584,4.344393736881378
269,2077.3638475429,666.58192377145,2077.3638475429,1989.9088713071114,653.6819237714506,4.353523656286723
270,2076.0275336444784,665.913766822239,2076.0275336444784,1988.702474499007,653.0693223777937,4.362656261221625
271,2074.702362242151,665.2511811210754,2074.702362242151,1987.4005891714428,652.4622922321873,4.3717314408817645
272,2073.385566932521,664.5927834662605,2073.385566932521,1986.6968442277719,651.8038945773717,4.380725807050504
273,2072.07538884586,663.9376944229294,2072.07538884586,1985.875606351366,651.2043610895962,4.389767158634095
274,2070.7760573912374,663.2880286956195,2070.7760573912374,1984.808032752661,650.6102509178413,4.398720010514396
275,2069.4842461920625,662.6421230960318,2069.4842461920625,1983.7286063189586,650.0199008738102,4.407638208457056
276,2068.1989914397545,661.9994957198772,2068.1989914397545,1982.629600168372,649.432829053211,4.416567351768126
277,2066.916354945614,661.3581774728086,2066.916354945614,1981.916330843413,648.7915108061409,4.425498254625894
278,2065.6394922666495,660.7197461333249,2065.6394922666495,1980.804619011429,648.2086350222141,4.434397322114517
279,2064.372514679577,660.0862573397882,2064.372514679577,1978.8560400558058,647.686257339788,4.443245442029438
280,2063.111984937724,659.4559924688622,2063.111984937724,1977.7043427665753,647.1115480244175,4.452034922355615
281,2061.8613229930966,658.830661496549,2061.8613229930966,1975.4842218688323,646.652883718771,4.460861322555089
282,2060.593090519639,658.1965452598196,2060.593090519639,1973.7039712200674,646.1298785931531,4.469773602530244
283,2059.3237452379044,657.5618726189515,2059.3237452379044,1971.89893154217,645.6063170633965,4.478818814723794
284,2058.0660060928185,656.9330030464102,2058.0660060928185,1971.1302675565985,644.9774474908538,4.487865367994802
285,2056.822343111858,656.3111715559293,2056.822343111858,1969.9029884076826,644.4111715559291,4.496810766524698
286,2055.5894658525212,655.6947329262601,2055.5894658525212,1968.2623097714486,643.9058440373715,4.505744430426973
287,2054.3573483626324,655.0786741813165,2054.3573483626324,1966.8221432926905,643.3453408479822,4.514704545111375
288,2053.1268438896277,654.4634219448138,2053.1268438896277,1965.6449559389134,642.7856441670358,4.523738348360238
289,2051.914345308276,653.8571726541387,2051.914345308276,1964.2226669765141,642.2349504319168,4.5326603636617815
290,2050.715610403965,653.2578052019821,2050.715610403965,1963.04303197972,641.691138535315,4.541546488027772
291,2049.5178520702466,652.6589260351238,2049.5178520702466,1961.8476136107345,641.1478149240124,4.550534295274972
292,2048.331894742234,652.0659473711163,2048.331894742234,1959.961519538026,640.6659473711165,4.559442406298669
293,2047.1518623569696,651.475931178485,2047.1518623569696,1958.7235731349422,640.1314867340403,4.568377275949286
294,2045.9760019794312,650.8880009897155,2045.9760019794312,1957.223020572057,639.5991121008263,4.5773633469070685
295,2044.8016257119248,650.300812855963,2044.8016257119248,1955.941349268564,639.0674795226291,4.586474116667827
296,2043.6409797013519,649.7204898506753,2043.6409797013519,1954.3654599414685,638.5982676284534,4.595548805993891
297,2042.4867285782752,649.1433642891383,2042.4867285782752,1952.1968885712395,638.1322531780269,4.604671136840752
298,2041.3443968671836,648.5721984335912,2041.3443968671836,1950.7915618080374,637.6166428780358,4.613785720415488
299,2040.2142745164736,648.0071372582365,2040.2142745164736,1948.8521518019184,637.1626928137919,4.6229186867406025
300,2039.095849228949,647.447924614475,2039.095849228949,1946.972425651928,636.7145912811422,4.632101349309205
301,2037.9953487601847,646.8976743800923,2037.9953487601847,1945.896106071572,636.2198966023147,4.641166991998152
302,2036.8965246997095,646.3482623498553,2036.8965246997095,1945.1153768570898,635.6704845720782,4.650251815719459
303,2035.805078876606,645.8025394383042,2035.805078876606,1943.350020030935,635.2358727716374,4.659374520654301
304,2034.7343109251392,645.2671554625695,2034.7343109251392,1942.0680006834439,634.7560443514583,4.668555326460892
305,2033.6848435110114,644.7424217555056,2033.6848435110114,1940.5542151780337,634.3424217555053,4.67766638821798
306,2032.6373887106402,644.2186943553204,2032.6373887106402,1939.2904116836385,633.874249910876,4.686905066671243
307,2031.5960163485033,643.6980081742516,2031.5960163485033,1937.7731455192163,633.4091192853626,4.696243087314385
308,2030.5646754330146,643.1823377165073,2030.5646754330146,1937.0031688155677,632.9490043831745,4.705573600754468
309,2029.5635517252676,642.6817758626345,2029.5635517252676,1935.7336780104663,632.5039980848563,4.714876726674328
310,2028.604529322692,642.2022646613452,2028.604529322692,1934.9711649359538,632.0244868835678,4.7240305664415025
311,2027.6870981314846,641.7435490657425,2027.6870981314846,1933.2596082313403,631.6768823990756,4.733017588285287
312,2026.798171760408,641.2990858802038,2026.798171760408,1931.6351970636679,631.2879747690921,4.741974166948681
313,2025.937893716729,640.8689468583649,2025.937893716729,1930.3001470346403,630.9689468583651,4.750761226698459
314,2025.0966873600244,640.4483436800125,2025.0966873600244,1928.4802506016272,630.6594547911232,4.759549371491046
315,2024.2750416164604,640.0375208082302,2024.2750416164604,1927.2259539246063,630.3041874748967,4.768386715727835
316,2023.4746016912497,639.6373008456251,2023.4746016912497,1925.2074040017453,630.0150786234021,4.777107288337059
317,2022.6806496688337,639.2403248344169,2022.6806496688337,1923.6872970037834,629.7292137233053,4.785934594287744
318,2021.9196419503087,638.8598209751544,2021.9196419503087,1922.5354451948674,629.4042654195987,4.794607259602575
319,2021.178726760787,638.4893633803933,2021.178726760787,1921.90557524545,629.0338078248377,4.803129621078286
320,2020.461370919017,638.1306854595083,2020.461370919017,1920.8009651339316,628.7306854595084,4.81157801265604
321,2019.7785332160165,637.7892666080078,2019.7785332160165,1919.5356430043973,628.500377719119,4.8198735499445675
322,2019.12134286937,637.4606714346846,2019.12134286937,1918.743243582125,628.2273381013515,4.828020580886542
323,2018.4687321988588,637.1343660994296,2018.4687321988588,1918.175352161208,627.9010327660968,4.836257375221111
324,2017.8444474455705,636.8222237227851,2017.8444474455705,1917.1545266296675,627.6444459450074,4.844441437857507
325,2017.246615396385,636.5233076981928,2017.246615396385,1916.3886363786444,627.3455299204148,4.852424432251397
326,2016.666959815123,636.2334799075625,2016.666959815123,1915.6607482230138,627.1112576853392,4.860376675538003
327,2016.1120231518576,635.9560115759284,2016.1120231518576,1915.1402503535007,626.8337893537064,4.868190510257583
328,2015.569365008238,635.6846825041184,2015.569365008238,1914.0017017809632,626.6180158374525,4.875908571356539
329,2015.0448531049362,635.4224265524682,2015.0448531049362,1912.4205684881026,626.4668709969126,4.883565487816432
330,2014.5211469368521,635.1605734684257,2014.5211469368521,1911.4668150817938,626.2050179128705,4.891303792969466
331,2014.010041755997,634.9050208779981,2014.010041755997,1909.9104598811286,626.0605764335539,4.898969272556639
332,2013.513528204941,634.6567641024706,2013.513528204941,1908.9800489913728,625.8123196580268,4.90660585074301
333,2013.0256170624364,634.4128085312179,2013.0256170624364,1907.965291609787,625.6239196423287,4.9141256933444355
334,2012.54877261524,634.1743863076191,2012.54877261524,1906.4697887050488,625.4966085298418,4.921606861649841
335,2012.0888577695066,633.9444288847529,2012.0888577695066,1906.0736151471056,625.266651106975,4.929037294928387
336,2011.650333826129,633.7251669130641,2011.650333826129,1904.6177179901815,625.1585002463976,4.936274113154592
337,2011.2167304990803,633.5083652495399,2011.2167304990803,1904.2473130974058,624.9416985828733,4.943543701303465
338,2010.8037655124037,633.3018827562028,2010.8037655124037,1902.8126133208418,624.8463272006469,4.950682844820302
339,2010.3989155442582,633.0994577721292,2010.3989155442582,1902.4674835268702,624.6439022165733,4.9577221601438355
340,2010.0087557285513,632.9043778642756,2010.0087557285513,1901.6071727124347,624.5043778642754,4.964659899862285
341,2009.625929161624,632.7129645808119,2009.625929161624,1900.2105846072795,624.368520136367,4.971563724273402
342,2009.2508621050965,632.5254310525484,2009.2508621050965,1900.1359111625538,624.1809866081041,4.978409402557304
343,2008.8865766347578,632.3432883173789,2008.8865766347578,1899.30377744319,624.0543994284894,4.98526478507419
344,2008.535730475889,632.167865237945,2008.535730475889,1898.4064908126234,623.9345319046117,4.992048931764441
345,2008.1893327243642,631.9946663621826,2008.1893327243642,1897.8507169250724,623.8168885844048,4.998728663043363
346,2007.8511035682495,631.8255517841246,2007.8511035682495,1897.8085355793753,623.6477740063468,5.005379522970805
347,2007.530000639579,631.6650003197899,2007.530000639579,1897.2813321587332,623.4872225420127,5.011876695537647
348,2007.2142347744452,631.5071173872229,2007.2142347744452,1895.5663347100328,623.4404507205567,5.018321324288703
349,2006.9009310831543,631.350465541577,2006.9009310831543,1895.5465275666093,623.2837988749106,5.02482277515023
350,2006.597818478393,631.1989092391967,2006.597818478393,1895.2852258841585,623.13224257253,5.03129157852658
351,2006.2977954137623,631.0488977068811,2006.2977954137623,1893.6088114592515,623.0933421513259,5.037659648289651
352,2006.0039725008855,630.9019862504431,2006.0039725008855,1893.6043953407543,622.9464306948871,5.044020695341688
353,2005.7239509610158,630.7619754805073,2005.7239509610158,1892.9729126540685,622.8619754805078,5.050229381996887
354,2005.4519521495827,630.6259760747914,2005.4519521495827,1891.9816408371298,622.7815316303471,5.056393762992645
355,2005.1897529536186,630.4948764768092,2005.1897529536186,1891.7525181510796,622.6504320323652,5.062495910437639
356,2004.9290326436465,630.3645163218234,2004.9290326436465,1890.6576179475787,622.575627432934,5.068576039740824
357,2004.67838849093,630.2391942454647,2004.67838849093,1889.9292212038786,622.5058609121317,5.0745320816340636
358,2004.4363976302252,630.1181988151122,2004.4363976302252,1889.7191116758872,622.3848654817782,5.0804443642890735
359,2004.1988638401608,629.9994319200804,2004.1988638401608,1889.5566070440107,622.2660985867466,5.0862821658586626
360,2003.9666535992515,629.883326799626,2003.9666535992515,1889.3508157133904,622.1499934662932,5.092145610194334
361,2003.7427662115385,629.7713831057686,2003.7427662115385,1888.63484481566,622.0936053279913,5.097859572238434
362,2003.5199949010334,629.6599974505168,2003.5199949010334,1887.8609436358024,622.0377752282947,5.103571216637159
363,2003.3006411437602,629.5503205718805,2003.3006411437602,1887.664697874451,621.9280983496574,5.10931178489775
364,2003.0919390788185,629.4459695394087,2003.0919390788185,1887.4776985006408,621.8237473171866,5.114938730487639
365,2002.8879984720702,629.343999236034,2002.8879984720702,1886.2059906387817,621.8328881249233,5.120467358521018
366,2002.678971162117,629.239485581059,2002.678971162117,1886.0195433448548,621.7283744699472,5.126088648818971
367,2002.4811181671803,629.1405590835908,2002.4811181671803,1886.0934761689364,621.629447972479,5.131581990904529
368,2002.2932112472977,629.0466056236492,2002.2932112472977,1885.9263264782362,621.5354945125376,5.136894315505461
369,2002.1110352860248,628.9555176430124,2002.1110352860248,1885.4673733026536,621.4999620874569,5.14213495525517
370,2001.9289106860533,628.8644553430261,2001.9289106860533,1884.76109832286,621.4644553430268,5.147372603929245
371,2001.749647959893,628.7748239799467,2001.749647959893,1884.6042053101078,621.3748239799468,5.152570350173921
372,2001.5816544610136,628.690827230507,2001.5816544610136,1884.4577021900197,621.290827230507,5.157647939563048
373,2001.4234991393794,628.6117495696901,2001.4234991393794,1884.2861108772286,621.2673051252451,5.162558229026333
374,2001.2603661434032,628.5301830717016,2001.2603661434032,1884.1446322763327,621.1857386272573,5.167501917381338
375,2001.0991519069958,628.4495759534971,2001.0991519069958,1883.4451230156762,621.1606870646083,5.172446884006782
376,2000.9407951480334,628.3703975740175,2000.9407951480334,1882.5974311381183,621.1370642406844,5.177362685414394
377,2000.7839667080582,628.2919833540292,2000.7839667080582,1882.4640366612002,621.0586500206958,5.18231918974852
378,2000.6277218549974,628.2138609274986,2000.6277218549974,1881.553833932792,621.0360831497217,5.1872786355340015
379,2000.4771079307657,628.1385539653832,2000.4771079307657,1881.6753233579075,620.9607761876052,5.192181644452367
380,2000.3341826082842,628.0670913041414,2000.3341826082842,1880.2889009618948,621.0004246374754,5.19696987231531
381,2000.191969670198,627.9959848350989,2000.191969670198,1880.1700634055555,620.929318168432,5.201738803342118
382,2000.0535183792035,627.9267591896017,2000.0535183792035,1879.8042081102583,620.8600925229355,5.206435170092986
383,1999.9221235580928,627.8610617790462,1999.9221235580928,1879.1717532609364,620.8499506679354,5.210976763183327
384,1999.793632400795,627.7968162003975,1999.793632400795,1878.812821870988,620.7857050892862,5.215538020489878
385,1999.67039999032,627.7351999951603,1999.67039999032,1878.0501224554407,620.779644439604,5.219948922551058
386,1999.5493566607315,627.6746783303659,1999.5493566607315,1878.4357246182951,620.663567219255,5.224350012858297
387,1999.430566175005,627.615283087502,1999.430566175005,1877.735778996289,620.6597275319468,5.22872484458685
388,1999.3161251173224,627.5580625586617,1999.3161251173224,1877.1232010695517,620.658062558662,5.233056757286638
389,1999.197782507751,627.4988912538757,1999.197782507751,1876.7764709349499,620.5988912538753,5.2373730299441625
390,1999.0799330458963,627.4399665229487,1999.0799330458963,1876.0440307244623,620.5955220785039,5.241771831170931
391,1998.9674022020913,627.3837011010456,1998.9674022020913,1876.2008607353675,620.5392566566015,5.2461023859731855
392,1998.8594792384117,627.3297396192056,1998.8594792384117,1876.4585316651844,620.4297396192053,5.250303662601616
393,1998.7523661366251,627.2761830683132,1998.7523661366251,1876.3684275590942,620.3761830683134,5.254536253924858
394,1998.6499164325326,627.2249582162665,1998.6499164325326,1876.2815604993307,620.3249582162666,5.258703933006646
395,1998.5496981951767,627.1748490975882,1998.5496981951767,1874.563124357159,620.3859602087001,5.26277951378936
396,1998.447115740374,627.1235578701871,1998.447115740374,1874.7249265722305,620.3346689812983,5.2669272123048785
397,1998.3489611710434,627.0744805855221,1998.3489611710434,1874.6402230526178,620.2855916966329,5.270973064179554
398,1998.251861073596,627.0259305367981,1998.251861073596,1874.555951916095,620.2370416479098,5.275021519449378
399,1998.1560989528314,626.978049476416,1998.1560989528314,1874.472588362311,620.1891605875268,5.279062368789402
400,1998.0663269058111,626.9331634529051,1998.0663269058111,1874.1441809388757,620.144274564016,5.2829699693798835
401,1997.9764278844086,626.8882139422037,1997.9764278844086,1873.4721020577908,620.15488060887,5.286883108560689
402,1997.8830927065017,626.8415463532508,1997.8830927065017,1872.6167830689883,620.1637685754737,5.290872555985773
403,1997.7908438015234,626.7954219007619,1997.7908438015234,1872.7859604447444,620.1176441229841,5.2948322127502445
404,1997.697823597287,626.7489117986437,1997.697823597287,1872.7040521999475,620.0711340208655,5.29888094514747
405,1997.605074851641,626.7025374258203,1997.605074851641,1872.6233511535447,620.024759648043,5.302915583801207
406,1997.5170622066942,626.6585311033475,1997.5170622066942,1872.5469315120895,619.9807533255693,5.306873594297257
407,1997.4340399140206,626.6170199570103,1997.4340399140206,1872.725496057611,619.939242179233,5.310701007726389
408,1997.3490221740608,626.5745110870305,1997.3490221740608,1871.8267274509194,619.9522888648085,5.314515658520268
409,1997.2646972226648,626.5323486113324,1997.2646972226648,1871.2545055393125,619.9101263891104,5.318366356318452
410,1997.1852687827795,626.4926343913901,1997.1852687827795,1870.405361633576,619.9259677247235,5.322089998929706
411,1997.108881695718,626.4544408478591,1997.108881695718,1870.0903360022116,619.8877741811925,5.32575374190738
412,1997.0374303665626,626.418715183282,1997.0374303665626,1870.0292730571746,619.8520485166148,5.329296598926624
413,1996.9692507275954,626.3846253637982,1996.9692507275954,1869.970915510982,619.8179586971316,5.332722554794569
414,1996.9033897847662,626.3516948923835,1996.9033897847662,1869.9142729148975,619.7850282257161,5.3361196934781105
415,1996.8417766239781,626.3208883119885,1996.8417766239781,1869.8608625330787,619.7542216453221,5.339404746653014
416,1996.7820867796927,626.2910433898461,1996.7820867796927,1869.4980316500446,619.7799322787351,5.342581409070457
417,1996.7179759494343,626.2589879747173,1996.7179759494343,1869.692202897364,619.7478768636065,5.345961361609445
418,1996.656952593689,626.2284762968445,1996.656952593689,1869.6387433394534,619.717365185734,5.349229746602801
419,1996.597496096643,626.1987480483219,1996.597496096643,1869.9034610470285,619.6320813816548,5.352457494305689
420,1996.5412604917578,626.1706302458788,1996.5412604917578,1868.8347305680043,619.7150746903234,5.355586350201997
421,1996.4842948488506,626.1421474244249,1996.4842948488506,1868.7857369035685,619.6865918688698,5.3587555562947164
422,1996.4309814719845,626.1154907359921,1996.4309814719845,1868.73881415173,619.6599351804363,5.361820179319008
423,1996.380281535849,626.0901407679248,1996.380281535849,1868.6938146952148,619.634585212369,5.364783668662133
424,1996.3315259408173,626.065762970408,1996.3315259408173,1868.9005348564594,619.6102074148533,5.367695594729138
425,1996.2851117017672,626.0425558508838,1996.2851117017672,1868.3099067871112,619.642555850884,5.370511427165773
426,1996.2374477079416,626.0187238539702,1996.2374477079416,1868.2674068874398,619.6187238539701,5.37337779717301
427,1996.1921643364676,625.9960821682339,1996.1921643364676,1868.766986202009,619.540526612678,5.376181307951721
428,1996.1485307290452,625.974265364523,1996.1485307290452,1868.728643098802,619.5187098089677,5.378908423073829
429,1996.105947627972,625.9529738139868,1996.105947627972,1867.9910953152212,619.5529738139865,5.3815944241086004
430,1996.0623019586578,625.9311509793284,1996.0623019586578,1867.9531443370902,619.5311509793282,5.384325676102896
431,1996.0203416701916,625.9101708350964,1996.0203416701916,1867.9157167644887,619.5101708350963,5.387023958925545
432,1995.9786050661207,625.88930253306,1995.9786050661207,1868.128064298828,619.4893025330601,5.389672225589525
433,1995.9350788360582,625.8675394180289,1995.9350788360582,1867.5350855444822,619.5230949735846,5.392413658612218
434,1995.8918890939412,625.84594454697,1995.8918890939412,1867.4963795378826,619.5015001025262,5.395168931346997
435,1995.8515438095228,625.8257719047606,1995.8515438095228,1867.7101104726994,619.4813274603166,5.397833278945785
436,1995.8133796272346,625.8066898136173,1995.8133796272346,1867.9255839937664,619.4622453691736,5.400409700681579
437,1995.7752540261467,625.7876270130733,1995.7752540261467,1867.3510143920776,619.498738124184,5.4029456962936795
438,1995.7373873028964,625.7686936514481,1995.7373873028964,1867.3170613124985,619.4798047625596,5.405520373788327
439,1995.699914018385,625.7499570091925,1995.699914018385,1866.6098236491134,619.5166236758591,5.408072299535486
440,1995.6619304364808,625.73096521824,1995.6619304364808,1866.576197190887,619.4976318849068,5.4106705441601175
441,1995.6258706140286,625.7129353070146,1995.6258706140286,1866.79399744389,619.4796019736807,5.413183047069197
442,1995.5904029647668,625.6952014823834,1995.5904029647668,1866.5120096050791,619.4618681490501,5.415668156367873
443,1995.555700074747,625.6778500373739,1995.555700074747,1866.4802387853756,619.4445167040408,5.418127560392768
444,1995.5213870965786,625.6606935482898,1995.5213870965786,1866.4484966398593,619.4273602149561,5.420567730244868
445,1995.4863160507161,625.6431580253587,1995.4863160507161,1866.4158229741283,619.4098246920255,5.423003165801945
446,1995.4508283762325,625.6254141881163,1995.4508283762325,1866.6772786931085,619.3365252992272,5.425477884615861
447,1995.4163463853356,625.6081731926672,1995.4163463853356,1866.6448638712336,619.3192843037789,5.42788689373405
448,1995.3821964961942,625.5910982480976,1995.3821964961942,1866.6126925927467,619.3022093592085,5.430283930445115
449,1995.3467038086299,625.5733519043143,1995.3467038086299,1865.7605337961686,619.3400185709817,5.432724286092373
450,1995.3099007885442,625.5549503942718,1995.3099007885442,1865.7769251755049,619.3216170609384,5.435200271338229
451,1995.2712327172076,625.5356163586032,1995.2712327172076,1865.0928504767628,619.3578385808262,5.43776310013797
452,1995.2309275649336,625.5154637824674,1995.2309275649336,1865.0566082772652,619.3376860046897,5.440402239632015
453,1995.187426563732,625.493713281866,1995.187426563732,1865.01700951667,619.3159355040884,5.443149908557135
454,1995.143651168824,625.471825584412,1995.143651168824,1864.976835873172,619.2940478066338,5.445897478206922
455,1995.1008368744292,625.450418437215,1995.1008368744292,1865.187107683019,619.272640659437,5.44864932465828
456,1995.059848890019,625.4299244450092,1995.059848890019,1865.1490308602656,619.2521466672324,5.4513103501390425
457,1995.0195065817443,625.4097532908723,1995.0195065817443,1865.3609868505202,619.2319755130947,5.453980565385367
458,1994.9817542188314,625.390877109416,1994.9817542188314,1865.3253990053158,619.213099331638,5.4565626349457075
459,1994.9458321558136,625.3729160779068,1994.9458321558136,1865.041360966851,619.1951383001292,5.459059467371515
460,1994.909323681772,625.3546618408859,1994.909323681772,1865.0064899613647,619.1768840631075,5.4615919418941425
461,1994.8745966649788,625.3372983324891,1994.8745966649788,1864.9733277885427,619.1595205547112,5.464040803871903
462,1994.8396477024928,625.3198238512464,1994.8396477024928,1865.2195022488897,619.0864905179135,5.46647464464253
463,1994.8028623206328,625.3014311603163,1994.8028623206328,1865.1839479069563,619.068097826983,5.46899747641867
464,1994.7681126904308,625.2840563452147,1994.7681126904308,1864.5241257486662,619.106278567437,5.471437000372569
465,1994.733583906016,625.2667919530079,1994.733583906016,1864.4919870676742,619.0890141752301,5.473874025521616
466,1994.6979058267957,625.2489529133976,1994.6979058267957,1863.6786244878897,619.1267306911755,5.476354318366762
467,1994.6633312884944,625.2316656442479,1994.6633312884944,1863.6470734515633,619.1094434220257,5.478817838592457
468,1994.6286912900846,625.2143456450425,1994.6286912900846,1863.0294910334658,619.1476789783758,5.481275729286243
469,1994.5951428848898,625.1975714424448,1994.5951428848898,1863.0001310104867,619.1309047757777,5.483706949292751
470,1994.5637375970878,625.181868798544,1994.5637375970878,1862.9727562901278,619.115202131877,5.486057909127141
471,1994.5343370479436,625.1671685239716,1994.5343370479436,1862.9472349699959,619.1005018573051,5.488331259055594
472,1994.506811927431,625.1534059637149,1994.506811927431,1862.6732146188167,619.0867392970486,5.4905295618633305
473,1994.4810413780883,625.1405206890444,1994.4810413780883,1862.6507357326946,619.0738540223778,5.492655295727411
474,1994.456912425404,625.1284562127017,1994.456912425404,1862.6297747862086,619.061789546035,5.494710856997894
475,1994.4343194501198,625.1171597250598,1994.4343194501198,1862.6102312142891,619.0504930583936,5.496698562889882
476,1994.4131636985817,625.10658184929,1994.4131636985817,1862.592011087723,619.0399151826239,5.498620654088974
477,1994.393248683236,625.0966243416178,1994.393248683236,1863.2058996835945,618.9744021193956,5.500479297272626
478,1994.3744662675279,625.0872331337631,1994.3744662675279,1863.4402120505197,618.9650109115411,5.502304143184691
479,1994.3566642430685,625.0783321215347,1994.3566642430685,1863.4253443806888,618.956109899312,5.504068764621635
480,1994.33824525522,625.0691226276098,1994.33824525522,1862.8038085228936,619.0024559609435,5.5058316061676225
481,1994.3188968132793,625.0594484066395,1994.3188968132793,1862.7878931388318,618.9927817399725,5.50769467861015
482,1994.300786432294,625.0503932161466,1994.300786432294,1863.0229346732945,618.9837265494805,5.509496263515222
483,1994.2834745520202,625.0417372760093,1994.2834745520202,1863.2791790537572,618.9195150537876,5.511238390390085
484,1994.2657415125977,625.0328707562993,1994.2657415125977,1863.0144091878221,618.9106485340774,5.513015031182971
485,1994.2487456896486,625.024372844824,1994.2487456896486,1862.9694178208465,618.9577061781579,5.514733038740875
486,1994.2320827625408,625.0160413812707,1994.2320827625408,1862.9547811856266,618.9493747146036,5.516458186717387
487,1994.2164818525123,625.008240926256,1994.2164818525123,1862.9409129772378,618.9415742595895,5.518126404324466
488,1994.201398915839,625.0006994579197,1994.201398915839,1862.927491919166,618.934032791253,5.519739570409588
489,1994.1865997027737,624.9932998513867,1994.1865997027737,1862.9142492182846,618.9266331847202,5.521357815860337
490,1994.1727386239106,624.9863693119556,1994.1727386239106,1863.151806452492,618.9197026452885,5.52292265702091
491,1994.1597556145384,624.9798778072693,1994.1597556145384,1863.1400307676045,618.9132111406027,5.524435856707742
492,1994.1475944842823,624.9737972421417,1994.1475944842823,1863.1290267072645,618.9071305754753,5.5258991195177005
493,1994.136070641005,624.9680353205026,1994.136070641005,1862.2611132778502,618.9569242093917,5.527314093751644
494,1994.1245513615645,624.9622756807828,1994.1245513615645,1862.2508742607101,618.9511645696718,5.52873812521531
495,1994.11269006384,624.9563450319197,1994.11269006384,1862.2402818325102,618.945233920809,5.53017940630108
496,1994.1009047645132,624.9504523822574,1994.1009047645132,1862.904696925993,618.8837857155901,5.531623216806058
497,1994.0895854986868,624.9447927493434,1994.0895854986868,1862.894907232699,618.8781260826771,5.533053638937996
498,1994.0789890004614,624.9394945002302,1994.0789890004614,1862.8857778963365,618.8728278335633,5.534436873267005
499,1994.0690688532495,624.9345344266247,1994.0690688532495,1862.6270869594011,618.867867759958,5.535774476142414
500,1994.0597816346562,624.9298908173287,1994.0597816346562,1862.618921203732,618.8632241506622,5.5370679525963
501,1994.0507289530751,624.9253644765374,1994.0507289530751,1862.0232632367636,618.9142533654269,5.538318758034459
502,1994.041619711205,624.9208098556023,1994.041619711205,1862.0156656689803,618.909698744492,5.539602209879964
503,1994.0330954300107,624.916547715005,1994.0330954300107,1862.008591413044,618.9054366038943,5.54084332338081
504,1994.025118467397,624.912559233698,1994.025118467397,1862.0020056238413,618.9014481225877,5.542043494775481
505,1994.0176536078654,624.9088268039324,1994.0176536078654,1861.9958757411669,618.8977156928217,5.54320407428189
506,1994.0105216411507,624.9052608205753,1994.0105216411507,1861.9900250762257,618.8941497094643,5.54432636761246
507,1994.0028872404653,624.9014436202326,1994.0028872404653,1861.9835880583562,618.8903325091213,5.54549573313928
508,1993.9957399677605,624.8978699838805,1993.9957399677605,1861.9775902274096,618.8867588727693,5.54662651698413
509,1993.989048592649,624.8945242963244,1993.989048592649,1862.2219708076605,618.8834131852133,5.547719992059843
510,1993.982783895256,624.8913919476281,1993.982783895256,1862.2165462755406,618.8802808365169,5.548777389275751
511,1993.9769185363348,624.8884592681669,1993.9769185363348,1862.2114864602263,618.8773481570554,5.549799898924645
512,1993.9714269357835,624.8857134678914,1993.9714269357835,1862.2067673714184,618.8746023567808,5.55078867202391
513,1993.9658654819214,624.8829327409603,1993.9658654819214,1861.936960571602,618.8718216298495,5.551744821612293
514,1993.9601227674254,624.8800613837127,1993.9601227674254,1861.9323599342545,618.8689502726018,5.552760069237736
515,1993.9547482998987,624.8773741499488,1993.9547482998987,1861.928081992604,618.8662630388378,5.553741824938151
516,1993.9497184337445,624.8748592168722,1993.9497184337445,1861.673978509555,618.8637481057614,5.554691193270239
517,1993.9446634059732,624.8723317029866,1993.9446634059732,1860.6803095781627,618.9167761474309,5.555609242380304
518,1993.9386194914014,624.8693097457004,1993.9386194914014,1860.6751901599023,618.9137541901455,5.556653848722898
519,1993.932966692731,624.8664833463652,1993.932966692731,1860.670421788067,618.9109277908102,5.5576639952340035
520,1993.9276798007327,624.863839900366,1993.9276798007327,1860.6659811955528,618.9082843448107,5.558640818387024
521,1993.9227352313762,624.8613676156876,1993.9227352313762,1860.9117209654175,618.9058120601319,5.559585417189771
522,1993.918110921025,624.8590554605128,1993.918110921025,1860.9076565198677,618.9034999049574,5.560498854418901
523,1993.9137862283883,624.8568931141942,1993.9137862283883,1860.903865904991,618.901337558639,5.561382157813715
524,1993.9097418427743,624.8548709213874,1993.9097418427743,1860.9003311352121,618.8993153658321,5.5622363212306585
525,1993.9059596982474,624.852979849124,1993.9059596982474,1860.8970353952539,618.8974242935685,5.563062305759803
526,1993.9024228933217,624.851211446661,1993.9024228933217,1860.6438496460946,618.895655891105,5.563861040804567
527,1993.8991156158045,624.8495578079021,1993.8991156158045,1860.6408199277548,618.8940022523471,5.564633425125882
528,1993.896023072497,624.8480115362481,1993.896023072497,1860.637990536365,618.8924559806925,5.565380327851968
529,1993.8931314233978,624.846565711699,1993.8931314233978,1860.6353484477659,618.891010156143,5.566102589454855
530,1993.890427720169,624.8452138600853,1993.890427720169,1860.6328814804715,618.8896583045295,5.566801022694734
531,1993.887899848549,624.8439499242747,1993.887899848549,1860.6305782411237,618.8883943687188,5.56747641353322
532,1993.8855364744768,624.8427682372384,1993.8855364744768,1860.6284280734699,618.8872126816827,5.568129522016522
533,1993.8833269937045,624.8416634968513,1993.8833269937045,1860.6264210106535,618.8861079412964,5.568761083129523
534,1993.88097831111,624.8404891555555,1993.88097831111,1860.0532024071213,618.9404891555553,5.569371807621733
535,1993.87854953461,624.8392747673054,1993.87854953461,1860.0512250447428,618.9392747673057,5.570034937577038
536,1993.8757207565252,624.8378603782625,1993.8757207565252,1860.0487901693132,618.9378603782629,5.570741357599465
537,1993.8730756189539,624.8365378094775,1993.8730756189539,1860.046521290879,618.9365378094769,5.571424473147098
538,1993.8706023228697,624.8353011614346,1993.8706023228697,1860.0444074939696,618.9353011614352,5.5720850528279255
539,1993.8682898286547,624.8341449143273,1993.8682898286547,1860.0424385738263,618.9341449143274,5.5727238399105365
540,1993.8661278069249,624.8330639034626,1993.8661278069249,1860.0406049900976,618.9330639034627,5.573341553159099
541,1993.8641065925128,624.8320532962564,1993.8641065925128,1860.0388978235226,618.9320532962563,5.573938887640819
542,1993.8622171414181,624.8311085707094,1993.8622171414181,1860.03730873541,618.9311085707094,5.574516515506793
543,1993.8604509905363,624.8302254952682,1993.8604509905363,1860.0358299297436,618.9302254952679,5.575075086747156
544,1993.8588002199806,624.829400109991,1993.8588002199806,1860.0344541177328,618.9294001099913,5.57561522992134
545,1993.8572574178613,624.8286287089301,1993.8572574178613,1860.0331744846885,618.9286287089303,5.576137552864281
546,1993.8558156473218,624.8279078236609,1993.8558156473218,1860.0319846590223,618.927907823661,5.576642643369368
547,1993.8544684157544,624.8272342078783,1993.8544684157544,1860.03087868331,618.9272342078781,5.577131069848898
548,1993.853209646,624.8266048230003,1993.853209646,1860.0298509872268,618.9266048230004,5.57760338197277
549,1993.8520336494287,624.8260168247142,1993.8520336494287,1860.028896362253,618.926016824714,5.578060111286153
550,1993.8509351008013,624.8254675504005,1993.8509351008013,1860.0280099380684,618.9254675504005,5.578501771806805
551,1993.8499090147761,624.8249545073884,1993.8499090147761,1860.0271871604973,618.9249545073881,5.5789288606027165
552,1993.8489507239597,624.8244753619797,1993.8489507239597,1860.0264237709057,618.9244753619798,5.579341858350737
553,1993.8480558584097,624.824027929204,1993.8480558584097,1860.0257157869805,618.9240279292042,5.579741229876791
554,1993.8472203264937,624.8236101632463,1993.8472203264937,1860.0250594847735,618.9236101632465,5.580127424678317
555,1993.8464402970167,624.8232201485075,1993.8464402970167,1860.0244513819591,618.9232201485081,5.5805008774294835
556,1993.845712182527,624.8228560912639,1993.845712182527,1860.0238882221877,618.9228560912635,5.580862008469778
557,1993.8449817774278,624.8224908887141,1993.8449817774278,1860.0233161141937,618.9224908887139,5.58121122427649
558,1993.8438191899515,624.8219095949762,1993.8438191899515,1860.0222728262522,618.921909594976,5.581634755538259
559,1993.8427314925198,624.82136574626,1993.8427314925198,1860.0212994244887,618.9213657462598,5.582044311553563
560,1993.841713988341,624.8208569941696,1993.841713988341,1860.020391446485,618.9208569941701,5.582440353456085
561,1993.8406652905253,624.8203326452626,1993.8406652905253,1859.3102775378563,618.9758882008182,5.582823327162051
562,1993.8395452929367,624.8197726464682,1993.8395452929367,1859.309464239619,618.9753282020238,5.583276879288426
563,1993.8385037398082,624.819251869904,1993.8385037398082,1859.308716954513,618.9748074254595,5.583715466815124
564,1993.8375354294803,624.8187677147404,1993.8375354294803,1859.3080310409869,618.9743232702958,5.584139583417914
565,1993.8366090249237,624.818304512461,1993.8366090249237,1859.3073756939104,618.9738600680164,5.584549706490058
566,1993.835265363115,624.8176326815576,1993.835265363115,1859.306292255524,618.9731882371136,5.585037386989228
567,1993.8340101911326,624.8170050955658,1993.8340101911326,1859.30528695299,618.9725606511211,5.585508974609534
568,1993.8327740306315,624.8163870153155,1993.8327740306315,1859.5761864751557,618.9163870153156,5.585965000424305
569,1993.8315492626298,624.8157746313152,1993.8315492626298,1859.5752323455968,618.9157746313151,5.586436358491169
570,1993.8304059664404,624.8152029832202,1993.8304059664404,1859.324303154841,618.91520298322,5.586892164555959
571,1993.8293335923108,624.8146667961556,1993.8293335923108,1858.78570488568,618.9702223517106,5.587332931681273
572,1993.8281215317838,624.814060765892,1993.8281215317838,1858.7848743806037,618.969616321447,5.587816257845789
573,1993.8269926848593,624.8134963424291,1993.8269926848593,1858.7841119476905,618.969051897985,5.588283636650638
574,1993.8258934458736,624.8129467229371,1993.8258934458736,1858.7833646463805,618.9685022784929,5.588735594217798
575,1993.8242588963944,624.8121294481971,1993.8242588963944,1858.7820173400924,618.9676850037523,5.5892598626261
576,1993.8224141946337,624.8112070973168,1993.8224141946337,1858.7802897387596,618.9667626528726,5.5898200409431364
577,1993.8206882562113,624.8103441281053,1993.8206882562113,1858.778675077139,618.965899683661,5.590361737074512
578,1993.8190734478337,624.8095367239168,1993.8190734478337,1858.777166041263,618.9650922794725,5.59088556077875
579,1993.8175626178634,624.808781308932,1993.8175626178634,1858.7757557800296,618.9643368644868,5.591392101693896
580,1993.8161490672633,624.8080745336313,1993.8161490672633,1858.7744378773089,618.9636300891867,5.591881930002207
581,1993.8148265222305,624.8074132611152,1993.8148265222305,1858.7732063256526,618.9629688166706,5.592355597072779
582,1993.8134706649917,624.8067353324955,1993.8134706649917,1858.7719370581065,618.962290888051,5.59281363608286
583,1993.811669900407,624.8058349502028,1993.811669900407,1858.770218715767,618.9613905057589,5.593339831590875
584,1993.8099823324344,624.804991166217,1993.8099823324344,1858.5185234336325,618.9605467217725,5.593848663690856
585,1993.8084007451275,624.804200372564,1993.8084007451275,1858.5169329450628,618.9597559281194,5.5943407054071566
586,1993.8069183830967,624.8034591915483,1993.8069183830967,1858.5154409029003,618.9590147471041,5.594816510842827
587,1993.8055177035321,624.8027588517659,1993.8055177035321,1858.5140298596539,618.9583144073215,5.595276615805643
588,1993.8036466510857,624.801823325543,1993.8036466510857,1858.5121128088113,618.9573788810987,5.59579737282366
589,1993.8018862569404,624.8009431284695,1993.8018862569404,1858.5103070528776,618.9564986840256,5.596300946412533
590,1993.7995072014617,624.7997536007306,1993.7995072014617,1858.5078833084126,618.9553091562861,5.596868030004203
591,1993.7972758290305,624.7986379145148,1993.7972758290305,1858.5056079510862,618.9541934700708,5.597416399014939
592,1993.79518273687,624.797591368435,1993.79518273687,1858.503471604905,618.9531469239907,5.597946671276856
593,1993.7932191289274,624.7966095644645,1993.7932191289274,1858.5014654964689,618.9521651200198,5.598459444198819
594,1993.7913767770679,624.7956883885339,1993.7913767770679,1858.499581416515,618.9512439440892,5.598955295444346
595,1993.7896479844926,624.7948239922462,1993.7896479844926,1858.4978116836537,618.9503795478022,5.59943478358674
596,1993.7880255513746,624.7940127756874,1993.7880255513746,1858.496149110302,618.9495683312429,5.599898448742244
597,1993.7862740524843,624.7931370262423,1993.7862740524843,1858.4943582805927,618.9486925817972,5.600346813181973
598,1993.7841401358294,624.7920700679152,1993.7841401358294,1858.4921858492626,618.9476256234705,5.600857196555132
599,1993.7821367446381,624.7910683723192,1993.7821367446381,1858.4901447638779,618.9466239278745,5.601350735450559
